Wind Speed,Wind Direction,Predicted LV Active Power,Predicted Theoretical Power Curve,Absolute Error
458.0,846.0,129126.30932907498,138558.55923887852,9432.249909803533
785.0,465.0,221817.50956098805,238411.66106257602,16594.15150158797
5767.0,555.0,1634657.6509068138,1757446.9139231923,122789.2630163785
5767.0,555.0,1634657.6509068138,1757446.9139231923,122789.2630163785
5767.0,555.0,1634657.6509068138,1757446.9139231923,122789.2630163785
5767.0,555.0,1634657.6509068138,1757446.9139231923,122789.2630163785
5767.0,555.0,1634657.6509068138,1757446.9139231923,122789.2630163785
